id;content;date
1;payment Awesome Concrete Keyboard Health;2020-02-17T09:23:20
2;magenta circuit Unbranded;2020-02-17T16:45:55
3;THX Gorgeous reintermediate;2020-02-16T22:54:15
4;Sharable Operations Borders;2020-02-17T14:20:06
5;South Carolina web-enabled Cape Verde Escudo;2020-02-17T13:39:18
6;Manager Colombia virtual;2020-02-16T23:56:52
7;calculating Plains Plastic;2020-02-17T00:08:00
8;indexing application Knoll;2020-02-17T11:12:26
9;killer lime Horizontal;2020-02-17T09:39:04
10;Small Plastic Fish;2020-02-16T21:00:13
